"BOF","DEMO-FLEX-MASTER","Synthetic Trades / Positions","1","20260626","20260626","20260627;010000","100","100"
"BOA","DEMO-FLEX-ACCOUNT"
"BOS","POST","1"
"HEADER","POST","ClientAccountID","Currency","AssetClass","Symbol","Description","ListingExchange","ReportDate","Quantity","MarkPrice","CostBasisPrice","FifoPnlUnrealized"
"DATA","POST","DEMO-FLEX-ACCOUNT","USD","STK","DEMOA","Synthetic Alpha","NASDAQ","20260626","5","102","100","10"
"DATA","POST","DEMO-FLEX-ACCOUNT","USD","STK","DEMOB","Synthetic Beta","NASDAQ","20260626","-3","48","50","6"
"DATA","POST","DEMO-FLEX-ACCOUNT","USD","STK","DEMOC","Synthetic Gamma","NYSE","20260626","2","205","200","10"
"EOS","POST","3","Synthetic positions"
"BOS","TRNT","1"
"HEADER","TRNT","ClientAccountID","Currency","AssetClass","Symbol","Description","ListingExchange","TradeID","ReportDate","DateTime","TransactionType","Exchange","Quantity","TradePrice","Proceeds","Taxes","IBCommission","IBCommissionCurrency","NetCash","FifoPnlRealized","Buy/Sell","IBOrderID","TransactionID","IBExecID"
"DATA","TRNT","DEMO-FLEX-ACCOUNT","USD","STK","DEMOA","Synthetic Alpha","NASDAQ","DEMO-TRADE-01","20260617","20260617;143000","Trade","NASDAQ","5","100","-500","0","-0.50","USD","-500.50","0","BUY","DEMO-ORDER-01","DEMO-TXN-01","DEMO-EXEC-01"
"DATA","TRNT","DEMO-FLEX-ACCOUNT","USD","STK","DEMOA","Synthetic Alpha","NASDAQ","DEMO-TRADE-02","20260617","20260617;150000","Trade","NASDAQ","-5","104","520","0","-0.50","USD","519.50","20","SELL","DEMO-ORDER-02","DEMO-TXN-02","DEMO-EXEC-02"
"DATA","TRNT","DEMO-FLEX-ACCOUNT","USD","STK","DEMOB","Synthetic Beta","NASDAQ","DEMO-TRADE-03","20260618","20260618;143000","Trade","NASDAQ","-3","50","150","0","-0.50","USD","149.50","0","SELL","DEMO-ORDER-03","DEMO-TXN-03","DEMO-EXEC-03"
"DATA","TRNT","DEMO-FLEX-ACCOUNT","USD","STK","DEMOB","Synthetic Beta","NASDAQ","DEMO-TRADE-04","20260618","20260618;153000","Trade","NASDAQ","3","48","-144","0","-0.50","USD","-144.50","6","BUY","DEMO-ORDER-04","DEMO-TXN-04","DEMO-EXEC-04"
"DATA","TRNT","DEMO-FLEX-ACCOUNT","USD","STK","DEMOC","Synthetic Gamma","NYSE","DEMO-TRADE-05","20260619","20260619;143000","Trade","NYSE","2","200","-400","0","-0.50","USD","-400.50","0","BUY","DEMO-ORDER-05","DEMO-TXN-05","DEMO-EXEC-05"
"DATA","TRNT","DEMO-FLEX-ACCOUNT","USD","STK","DEMOC","Synthetic Gamma","NYSE","DEMO-TRADE-06","20260619","20260619;160000","Trade","NYSE","-2","205","410","0","-0.50","USD","409.50","10","SELL","DEMO-ORDER-06","DEMO-TXN-06","DEMO-EXEC-06"
"DATA","TRNT","DEMO-FLEX-ACCOUNT","USD","STK","DEMOA","Synthetic Alpha","NASDAQ","DEMO-TRADE-07","20260622","20260622;143000","Trade","NASDAQ","4","106","-424","0","-0.50","USD","-424.50","0","BUY","DEMO-ORDER-07","DEMO-TXN-07","DEMO-EXEC-07"
"DATA","TRNT","DEMO-FLEX-ACCOUNT","USD","STK","DEMOA","Synthetic Alpha","NASDAQ","DEMO-TRADE-08","20260622","20260622;150000","Trade","NASDAQ","-2","108","216","0","-0.50","USD","215.50","4","SELL","DEMO-ORDER-08","DEMO-TXN-08","DEMO-EXEC-08"
"DATA","TRNT","DEMO-FLEX-ACCOUNT","USD","STK","DEMOA","Synthetic Alpha","NASDAQ","DEMO-TRADE-09","20260622","20260622;160000","Trade","NASDAQ","-2","110","220","0","-0.50","USD","219.50","8","SELL","DEMO-ORDER-09","DEMO-TXN-09","DEMO-EXEC-09"
"EOS","TRNT","9","Synthetic trades"
"BOS","UNBC","1"
"HEADER","UNBC","ClientAccountID","Currency","AssetClass","Symbol","Description","ListingExchange","Date/Time","Exchange","Buy/Sell","Quantity","Price","TradeID","TotalCommission","Other","IBOrderID","IBExecID"
"DATA","UNBC","DEMO-FLEX-ACCOUNT","USD","STK","DEMOA","Synthetic Alpha","NASDAQ","20260617;143000","NASDAQ","BUY","5","100","DEMO-TRADE-01","-0.50","-0.05","DEMO-ORDER-01","DEMO-EXEC-01"
"DATA","UNBC","DEMO-FLEX-ACCOUNT","USD","STK","DEMOA","Synthetic Alpha","NASDAQ","20260617;150000","NASDAQ","SELL","5","104","DEMO-TRADE-02","-0.50","-0.05","DEMO-ORDER-02","DEMO-EXEC-02"
"DATA","UNBC","DEMO-FLEX-ACCOUNT","USD","STK","DEMOB","Synthetic Beta","NASDAQ","20260618;143000","NASDAQ","SELL","3","50","DEMO-TRADE-03","-0.50","-0.05","DEMO-ORDER-03","DEMO-EXEC-03"
"DATA","UNBC","DEMO-FLEX-ACCOUNT","USD","STK","DEMOB","Synthetic Beta","NASDAQ","20260618;153000","NASDAQ","BUY","3","48","DEMO-TRADE-04","-0.50","-0.05","DEMO-ORDER-04","DEMO-EXEC-04"
"DATA","UNBC","DEMO-FLEX-ACCOUNT","USD","STK","DEMOC","Synthetic Gamma","NYSE","20260619;143000","NYSE","BUY","2","200","DEMO-TRADE-05","-0.50","-0.05","DEMO-ORDER-05","DEMO-EXEC-05"
"DATA","UNBC","DEMO-FLEX-ACCOUNT","USD","STK","DEMOC","Synthetic Gamma","NYSE","20260619;160000","NYSE","SELL","2","205","DEMO-TRADE-06","-0.50","-0.05","DEMO-ORDER-06","DEMO-EXEC-06"
"DATA","UNBC","DEMO-FLEX-ACCOUNT","USD","STK","DEMOA","Synthetic Alpha","NASDAQ","20260622;143000","NASDAQ","BUY","4","106","DEMO-TRADE-07","-0.50","-0.05","DEMO-ORDER-07","DEMO-EXEC-07"
"DATA","UNBC","DEMO-FLEX-ACCOUNT","USD","STK","DEMOA","Synthetic Alpha","NASDAQ","20260622;150000","NASDAQ","SELL","2","108","DEMO-TRADE-08","-0.50","-0.05","DEMO-ORDER-08","DEMO-EXEC-08"
"DATA","UNBC","DEMO-FLEX-ACCOUNT","USD","STK","DEMOA","Synthetic Alpha","NASDAQ","20260622;160000","NASDAQ","SELL","2","110","DEMO-TRADE-09","-0.50","-0.05","DEMO-ORDER-09","DEMO-EXEC-09"
"EOS","UNBC","9","Synthetic commissions"
"EOA","DEMO-FLEX-ACCOUNT"
"EOF"
